flow_duration,forward_packets_per_sec,backward_packets_per_sec,flow_packets_per_sec,down_up_ratio,flow_FIN_flags,flow_SYN_flags,flow_RST_flags,forward_PSH_flags,backward_PSH_flags,flow_ACK_flags,forward_URG_flags,backward_URG_flags,flow_CWR_flags,flow_ECE_flags,forward_pkts_payload,backward_pkts_payload,flow_pkts_payload,forward_iat,backward_iat,flow_iat,payload_bytes_per_sec,forward_subflow_packets,backward_subflow_packets,forward_subflow_bytes,backward_subflow_bytes,forward_bulk_bytes,backward_bulk_bytes,forward_bulk_packets,backward_bulk_packets,forward_bulk_rate,backward_bulk_rate,active,idle,forward_initial_window_size,backward_initial_window_size,forward_last_window_size,traffic
0.3438748,15.093051,12.34886,27.441911,0.818182,2.0,2.0,0.0,4.0,1.8,19.0,0.0,0.0,0.0,0.0,86.818182,552.0,296.15,72882.819176,88119.506836,38359.378514,8126.921937,11.0,5.0,955.0,4968.0,0.0,0.0,0.0,0.0,0.0,0.0,728828.191757,0.0,29200.0,65535.0,80.0,Benign
0.322716,1251.6397962,3.0987,9.296099,0.5,0.8,1.0,1.0,0.0,0.0,10.4,0.0,0.0,0.0,0.0,55.5,269.1980952,0.0,322715.997696,0.0,161357.998848,142895.7406718,2.0,1.0,0.0,0.0,0.0,0.0,0.0,0.0,0.0,0.0,946263.0271912001,0.0,1024.0,0.0,6111.6,Benign
8.5e-05,11781.752809,11781.752809,17104.703860799997,1.0,0.0,1.0,1.0,0.0,0.0,1.0,0.0,0.0,0.0,0.0,24.8,0.0,24.8,0.0,0.0,84.877014,0.0,1.0,1.0,0.0,0.0,0.0,0.0,0.0,0.0,0.0,0.0,84.877014,0.0,29200.0,0.0,29200.0,Background
5.8017176,41.517994,42.751201,84.269195,1.029703,1.0,2.0,0.0,20.0,495.0,1229.0,0.0,0.0,0.0,0.0,47.084629,565.5843538,1590.081301,147143.295064,23400.351477,11880.48005,133994.871468,76.8,208.0,2163.0,44286.2,0.0,49141.7666666,0.0,119.8,0.0,2567276.670918,2986791.491508,8627526.99852,23360.0,65535.0,228.8,Benign
0.02369,84.42386,73.71192880000001,156.7538938,1.0,0.0,0.0,0.0,0.0,0.0,0.0,0.0,0.0,0.0,0.0,35.0,93.0,64.0,18.835068,21.886825599999998,7896.661758,10806.254078,2.0,2.0,70.0,186.0,0.0,0.0,0.0,0.0,0.0,0.0,23689.985275,0.0,5840.0,13107.0,0.0,Background
0.288195,34.698712,39.8531852,71.20653680000001,1.1559998,1.0,2.0,1.0,3.0,7.0,22.0,0.0,0.0,0.0,0.0,83.4,744.3843536,396.304348,32021.681468,19749.504267400003,13099.778782,31627.876219,10.0,13.0,834.0,17088.8,0.0,4585.0,0.0,5.0,0.0,31805937.595455803,288195.133209,0.0,29200.0,65160.0,402.0,Benign
0.023897,82.5936952,83.69275,167.385499,1.0,0.0,0.0,0.0,0.0,0.0,0.0,0.0,0.0,0.0,0.0,36.0,73.5,54.75,13.113022,21.934509,7965.644201,9164.356097,2.0,2.0,72.0,147.0,0.0,0.0,0.0,0.0,0.0,0.0,23896.932602,0.0,0.0,0.0,0.0,Benign
0.24723,36.403376,52.582655,88.986031,1.444444,1.0,2.0,1.0,3.0,7.0,21.0,0.0,0.0,0.0,0.0,93.777778,637.0,414.772727,28582.953864799998,18095.413844,11772.848311,36908.978868,9.0,12.0,844.0,8281.0,0.0,4585.0,0.0,5.0,0.0,97618699.695431,247229.814529,0.0,29200.0,65235.0,304.4,Probing
0.328504,30.441022,39.573328,99.91932,1.3,1.0,2.0,1.0,3.0,7.0,22.0,0.0,0.0,0.0,0.0,83.7,279.84000000000003,239.3177866,16108.969967599998,24832.586447,9600.313607600001,18417.3144608,10.0,5.8,371.4,8281.0,0.0,4585.0,0.0,1.0,0.0,62035109.16129,328504.085541,0.0,29200.0,26139.0,176.8,Probing
0.259381,3.855332,34.204071799999994,72.7400124,1.0,1.0,0.0,1.0,0.0,1.4,1.0,0.0,0.0,0.0,0.0,38.3333334,330.1801586,0.0,0.0,166947.97126020002,259381.055832,0.0,5.2,4.0,203.4,0.0,0.0,917.0,0.0,0.0,0.0,0.0,259381.055832,0.0,60.0,0.0,60.0,Background
0.0,0.0,0.0,0.0,0.0,0.0,0.0,0.0,0.0,0.0,0.0,0.0,0.0,0.0,0.0,111.0,0.0,65.2,0.0,0.0,0.0,0.0,1.0,0.0,111.0,0.0,0.0,0.0,0.0,0.0,0.0,0.0,0.0,0.0,0.0,0.0,0.0,Benign
0.025318800000000002,78.8811914,80.350651,160.701303,1.0,0.0,0.0,0.0,0.0,0.0,0.0,0.0,0.0,0.0,0.0,46.2,145.2,92.0,19.4072722,40.769577,8296.966553,14784.519847,2.0,2.0,88.0,258.0,0.0,0.0,0.0,0.0,0.0,0.0,24890.899658,0.0,0.0,0.0,0.0,Benign
0.0,0.0,0.0,0.0,0.0,0.0,0.0,0.0,0.0,0.0,0.0,0.0,0.0,0.0,0.0,54.2,0.0,40.0,0.0,0.0,0.0,0.0,1.0,0.0,40.0,0.0,0.0,0.0,0.0,0.0,0.0,0.0,0.0,0.0,0.0,0.0,0.0,Background
0.0,0.0,0.0,0.0,0.0,0.0,0.0,0.0,0.0,0.0,0.0,0.0,0.0,0.0,0.0,124.0,0.0,124.0,0.0,0.0,0.0,0.0,1.0,0.4,124.0,0.0,0.0,0.0,0.0,0.0,0.0,0.0,0.0,0.0,0.0,0.0,0.0,Benign
0.023872,83.780517,77.9923004,167.561033,1.0,0.0,0.0,0.0,0.0,0.0,0.0,0.0,0.0,0.0,0.0,45.0,174.1,107.5,19.2165374,1703.1669618,7957.29955,18012.811058,2.0,2.0,90.0,340.0,0.0,0.0,0.0,0.0,0.0,0.0,23871.898651,0.0,0.0,0.0,0.0,Background
0.192994,10.363023,5.181511,15.544534,0.5,0.0,0.0,2.0,0.0,0.0,0.0,0.0,0.0,0.0,0.0,0.0,0.0,0.0,0.0,0.0,96496.939659,0.0,2.0,1.0,119.6,0.0,0.0,0.0,0.0,0.0,0.0,0.0,0.0,0.0,1024.0,0.0,1200.0,Benign
0.0203116,79.494788,79.494788,158.989576,0.8,0.0,0.0,0.0,0.0,0.0,0.0,0.0,0.0,0.0,0.0,36.0,63.1,54.75,11.920929,88.35792540000001,9831.1265308,8704.679277,2.0,1.8,72.0,147.0,0.0,0.0,0.0,0.0,0.0,0.0,25158.882141,0.0,0.0,0.0,0.0,Benign
0.43608959999999997,3.608514,2.353379,5.961893,0.652174,2.0,2.0,0.8,4.8,9.0,13.8,0.0,0.0,0.0,0.0,72.565217,946.6,417.578947,291049.859741,455234.578678,173056.673359,2489.560874,15.4666666,15.6,834.5,13657.8,0.0,917.0,0.0,0.0,0.0,146269.1101466,700684.428215,5001728.057861,17532.0,44888.0,0.0,Benign
0.6385810000000001,33.9671922,132.2166378,99.10168,0.6656126,2.0,2.0,0.6,6.0,7.0,41.0,0.0,0.0,0.0,0.0,63.856500999999994,1134.190476,586.690476,120498.259088,20094.001293,55414.8347934,58142.011854,156.6,21.0,823.0,11928.4,0.0,132543.56,0.0,9.0,0.0,0.0,424739.122391,0.0,17520.0,31583.4,158.0,Benign
5.495073,71.024877,66.585823,137.6107,0.9375,2.0,1.6,0.0,7.2,45.0,214.4,0.0,0.0,0.0,0.0,43.162527,2129.266667,1046.077419,78082.11742719999,14918.378882,38930.921700399995,65266.676651400005,80.0,75.0,2447.0,159695.0,0.0,150599.0,0.0,62.0,0.0,9449245.354836999,1127367.973328,0.0,29200.0,65535.0,583.0,Benign
0.0251356,79.488008,79.488008,158.976017,1.0,0.0,0.0,0.0,0.0,0.0,0.0,0.0,0.0,0.0,0.0,31.0,67.5,49.25,17.881393,25.987625,8387.009303,7829.568836,2.0,2.0,70.0,135.0,0.0,0.0,0.0,0.0,0.0,0.0,25161.027908,0.0,0.0,0.0,0.0,Benign
0.229995,36.1798074,1.065281,3765.0170864,0.928571,2.0,2.0,0.2,6.0,5.0,24.0,0.0,0.0,0.0,0.0,130.571429,386.538462,253.814815,938721.62012,91588.9774544,469360.81006,561.566789,17.275,6.5,914.0,387.95,684.9333334,0.0,0.0,0.0,4599.9861544,0.0,2611909.532547,11968142.986298,29200.0,26214.0,0.0,Benign
0.309597,29.070048,32.300053,61.370101,0.7888888,0.4,2.0,1.0,3.0,4.0,18.0,0.0,0.0,0.0,0.0,62.038889000000005,411.2,256.842105,38699.626923,25809.048281799995,17199.834188,15762.425855,9.0,10.0,768.0,4112.0,0.0,0.0,0.0,0.0,0.0,0.0,309597.015381,0.0,5840.0,13107.0,319.0,Benign
0.0,0.0,0.0,0.0,0.0,0.0,0.0,0.0,0.0,0.0,0.0,0.0,0.0,0.0,0.0,40.0,0.0,40.0,0.0,0.0,0.0,0.0,1.0,0.0,40.0,0.0,0.0,0.0,0.0,0.0,0.0,0.0,0.0,0.0,0.0,0.0,0.0,Background
0.0250062,40.215773,40.215773,80.431545,1.0,0.0,0.0,0.0,0.0,0.0,0.0,0.0,0.0,0.0,0.0,36.0,52.0,44.0,0.0,0.0,24865.865707,3538.987986,1.0,1.2,36.0,52.0,0.0,0.0,0.0,0.0,0.0,0.0,24865.865707,0.0,0.0,0.0,0.0,Benign
0.02678,74.682906,74.682906,150.0716008,1.0,0.0,0.0,0.0,0.0,0.0,0.0,0.0,0.0,0.0,0.0,40.6,134.0,84.0,18.835068,2676.9638059999997,8926.63002,12546.728132,2.0,2.0,80.8,268.0,0.0,0.0,0.0,0.0,0.0,0.0,26779.89006,0.0,0.0,0.0,0.0,Background
0.029052,64.06545200000001,63.3352914,137.684062,1.0,0.0,0.0,0.0,0.0,0.0,0.0,0.0,0.0,0.0,0.0,41.0,99.0,57.15,23.841858,1141.4051056,6677.611668800001,9637.884336,2.0,2.0,82.0,198.0,0.0,0.0,0.0,0.0,0.0,0.0,29052.019119,0.0,0.0,0.0,0.0,Benign
0.000277,3609.555938,3609.555938,7219.111876,1.0,0.0,0.0,0.0,0.0,0.0,0.0,0.0,0.0,0.0,0.0,78.2,54.0,52.5,0.0,0.0,277.042389,379003.373494,1.0,0.6,51.0,54.0,0.0,0.0,0.0,0.0,0.0,0.0,277.042389,0.0,0.0,0.0,0.0,Benign
0.024444,81.820122,81.820122,163.640244,1.0,0.0,0.0,0.0,0.0,0.0,0.0,0.0,0.0,0.0,0.0,36.0,73.5,54.75,11.920929,859.975815,8147.954941,8959.30335,2.0,2.0,72.0,147.0,0.0,0.0,0.0,0.0,0.0,0.0,24443.864822,0.0,0.0,0.0,0.0,Benign
0.257644,38.813256,138.63254080000002,271.30748719999997,1.3,1.2,2.0,1.0,3.0,7.0,22.0,0.0,0.0,0.0,0.0,83.7,637.0,306.7551778,22816.2184886,20798.078626399998,11711.088094,35389.926379,10.0,13.0,837.0,8281.0,0.0,135294.56,0.0,5.0,0.0,60284902.319749,257643.938065,0.0,29200.0,65160.0,402.0,Probing
0.024762,40.38421,40.38421,64.3600394,0.8,0.0,0.0,0.0,0.0,0.0,0.0,0.0,0.0,0.0,0.0,36.0,67.4,60.4,0.0,0.0,19835.5674744,5290.331446,1.0,1.0,36.0,95.0,0.0,0.0,0.0,0.0,0.0,0.0,24762.153625,0.0,0.0,0.0,0.0,Benign
0.21414840000000002,53.763599,40.122137,87.7811378,1.2044442,1.0,2.0,1.2,3.0,5.0,18.0,0.0,0.0,0.0,0.0,85.666667,411.2,257.0,31154.870987,24341.874652,13846.609328,19591.639466,10.2,11.4,771.0,4112.0,0.0,917.0,0.0,0.0,0.0,22216846.783962198,249238.967896,0.0,29200.0,65160.0,319.0,Benign
0.289179,36.25013,41.496811,72.619419,1.3133332,1.0,2.0,1.0,3.0,7.0,20.0,0.0,0.0,0.0,0.0,92.555556,601.0566666,365.09169959999997,36147.356033,23377.895355,14458.942413,31516.827924,9.0,12.0,833.0,8281.0,0.0,4585.0,0.0,5.0,0.0,49950347.636364,289178.848267,0.0,29200.0,65160.0,402.0,Benign
9.4e-05,10645.441624,10645.441624,21290.883249,1.0,0.0,1.0,1.0,0.0,0.0,1.0,0.0,0.0,0.0,0.0,0.0,0.0,0.0,0.0,0.0,93.7938688,0.0,1.0,1.0,0.0,0.0,0.0,0.0,0.0,0.0,0.0,0.0,93.93692,0.0,29200.0,0.0,29200.0,Benign
0.025396799999999997,56.811833,56.811833,113.623666,1.0,0.0,0.0,0.0,0.0,0.0,0.0,0.0,0.0,0.0,0.0,40.6,237.0,145.0,21.934509,1847.1717833999999,11734.644572,16475.431544,2.0,2.0,106.0,474.0,0.0,0.0,0.0,0.0,0.0,0.0,35203.933716,0.0,0.0,0.0,0.0,Benign
7.7e-05,7716.360083800001,12985.4613,12787.0841272,1.0,0.0,0.6,1.0,0.0,0.0,1.0,0.0,0.0,0.0,0.0,32.8,0.0,0.0,0.0,0.0,77.009201,0.0,1.0,1.0,0.0,0.0,0.0,0.0,0.0,0.0,0.0,0.0,77.009201,0.0,29200.0,0.0,29200.0,Background
0.02377,84.139339,84.139339,99.9516904,1.0,0.0,0.0,0.0,0.0,0.0,0.0,0.0,0.0,0.0,0.0,36.0,73.5,54.75,15.02037,81.062317,7923.364639,9213.257666,2.0,2.0,72.0,88.2,0.0,0.0,0.0,0.0,0.0,0.0,9473.4191894,0.0,0.0,0.0,0.0,Benign
10.82542,15.519028,25.310796,40.829824,1.630952,2.0,2.0,2.0,153.0,157.0,439.0,0.0,0.0,0.0,0.0,225.035714,230.116788,228.18552,64822.910789,3091.2346310000003,24547.451478,9316.774655,168.0,274.0,221.4,1814.4,0.0,7660.0,0.0,5.0,0.0,55340.021049,10825426.101685,0.0,29200.0,26214.0,0.0,Benign
0.025425,78.662866,77.1001432,157.325731,1.0,0.0,0.0,0.0,0.0,0.0,0.0,0.0,0.0,0.0,0.0,48.2,133.0,89.0,20.980835,2166.5096282,8474.985758,14001.990098,2.0,2.0,90.0,286.6,0.0,0.0,0.0,0.0,0.0,0.0,25424.957275,0.0,0.0,0.0,0.0,Benign
0.026403,79.794537,75.748427,157.14559139999997,1.0,0.0,0.0,0.0,0.0,0.0,0.0,0.0,0.0,0.0,0.0,36.0,114.0,62.2,14.066696,251.531601,8517.4560546,9951.035438800001,2.0,2.0,72.0,169.2,0.0,0.0,0.0,0.0,0.0,0.0,25332.6892852,0.0,0.0,0.0,0.0,Benign
0.02736,73.099515,73.099515,144.7754916,1.0,0.0,0.0,0.0,0.0,0.0,0.0,0.0,0.0,0.0,0.0,35.0,107.5,71.25,24.795532,3335.952759,9119.987488,10416.680958,2.0,2.0,76.0,215.0,0.0,0.0,0.0,0.0,0.0,0.0,27359.962463,0.0,0.0,0.0,0.0,Benign
0.005327,5377.312821,5377.312821,10754.625641,1.0,0.0,0.0,0.0,0.0,0.0,0.0,0.0,0.0,0.0,0.0,48.0,52.0,50.0,0.0,0.0,185.966492,537731.282051,1.0,1.0,48.0,52.0,0.0,0.0,0.0,0.0,0.0,0.0,46.3962554,0.0,0.0,0.0,0.0,Background
1.527606,5.891572,3.927715,3753.1874283999996,0.5,2.0,1.0,0.0,3.0,3.0,17.0,0.0,0.0,0.0,0.0,94.222222,566.0,282.933333,190960.347652,4018.8002586000002,109120.198659,11628.402370799999,9.0,6.0,194.8,3396.0,0.0,0.0,0.0,0.0,0.0,0.0,89467.4301148,0.0,29200.0,26847.0,75.0,Background
0.025189,79.39923,79.39923,158.798459,0.8,0.0,0.0,0.0,0.0,0.0,0.0,0.0,0.0,0.0,0.0,36.0,44.1,54.75,15.02037,71.3825226,8396.3871,8694.215634,2.0,1.2,72.0,147.0,0.0,0.0,0.0,0.0,0.0,0.0,14912.1284484,0.0,0.0,0.0,0.0,Benign
0.025026,79.916621,79.916621,155.8810532,1.0,0.0,0.0,0.0,0.0,0.0,0.0,0.0,0.0,0.0,0.0,45.0,170.0,107.5,20.027161,910.9497072,8342.027664,17182.073604,2.0,2.0,89.2,340.0,0.0,0.0,0.0,0.0,0.0,0.0,25026.082993,0.0,0.0,0.0,0.0,Benign
0.270585,36.956955,51.739738,88.696693,1.3199998000000002,1.0,2.0,1.0,3.0,7.0,21.2,0.0,0.0,0.0,0.0,87.55999999999999,591.5,411.5979294,31714.111566600004,18573.779326,11764.567831,33719.526111,9.4,14.0,843.0,8281.0,0.0,4585.0,0.0,5.0,0.0,60178509.24396781,270585.06012,0.0,29200.0,65160.0,402.0,Benign
0.000105,11599.9748986,9510.893424,19021.786848,1.0,0.0,1.0,1.0,0.0,0.0,1.0,0.0,0.0,0.0,0.0,0.0,0.0,0.0,0.0,0.0,105.142593,0.0,1.0,1.0,0.0,0.0,0.0,0.0,0.0,0.0,0.0,0.0,105.142593,0.0,29200.0,0.0,29200.0,Benign
0.025317,78.998446,78.998446,154.85254360000002,1.0,0.0,0.0,0.0,0.0,0.0,0.0,0.0,0.0,0.0,0.0,45.2,188.0,117.5,15.02037,581.979752,8438.984553,18564.634842,2.0,2.0,94.0,376.0,0.0,0.0,0.0,0.0,0.0,0.0,25316.953659,0.0,0.0,0.0,0.0,Benign
0.0251214,38.965311,38.965311,80.4463484,1.0,0.0,0.0,0.0,0.0,0.0,0.0,0.0,0.0,0.0,0.0,36.0,95.0,61.2,0.0,0.0,25663.852692,5104.455733,1.0,1.2,36.0,95.0,0.0,0.0,0.0,0.0,0.0,0.0,25663.852692,0.0,0.0,0.0,0.0,Benign
3.007174,0.997614,0.0,0.997614,0.5875,0.0,3.0,0.0,2.6,1.4,12.8,0.0,0.0,0.0,0.0,40.2,0.0,0.0,1503587.007523,0.0,1503587.007523,0.0,17.0,0.0,0.0,0.0,0.0,30119.8,0.0,0.0,0.0,0.0,89467.4301148,0.0,29200.0,0.0,29200.0,Background
0.025748,77.675892,77.675892,155.351785,0.8,0.0,0.0,0.0,0.0,0.0,0.0,0.0,0.0,0.0,0.0,42.0,159.0,100.5,11.205673,947.952271,8582.671483,15612.854373,2.0,1.6,84.0,318.0,0.0,0.0,0.0,0.0,0.0,0.0,15676.164627199998,0.0,0.0,0.0,0.0,Benign
0.023689,50.054953999999995,48.793888,84.427259,1.0,0.0,0.0,0.2,0.0,0.0,0.0,0.0,0.0,0.0,0.0,28.8,60.6,44.0,0.0,0.0,23689.031601,3714.799384,1.0,1.0,36.0,41.6,0.0,0.0,0.0,0.0,0.0,0.0,23689.031601,0.0,5840.0,13107.0,0.0,Benign
0.024729,40.43833,47.944211,80.87666,1.0,0.0,0.0,0.0,0.0,0.0,0.0,0.0,0.0,0.0,0.0,36.0,52.0,44.0,0.0,0.0,24729.013443,3558.573018,1.0,1.0,36.0,52.0,0.0,0.0,0.0,0.0,0.0,0.0,24729.013443,0.0,0.0,0.0,0.0,Benign
0.02507,79.88817780000001,79.776019,155.7370246,1.0,0.0,0.0,0.0,0.0,0.0,0.0,0.0,0.0,0.0,0.0,38.8,89.1,70.0,17.166138,1224.040985,8356.730143,11168.642727,2.0,2.0,84.0,196.0,0.0,0.0,0.0,0.0,0.0,0.0,25070.19043,0.0,0.0,0.0,0.0,Benign
0.027212,73.916371,73.497244,146.994489,1.0,0.0,0.0,0.0,0.0,0.0,0.0,0.0,0.0,0.0,0.0,38.4,196.0,89.35,17.881393,2103.0426024,9070.634842,11037.655688400002,2.0,2.0,65.6,306.0,0.0,0.0,0.0,0.0,0.0,0.0,27211.904526,0.0,0.0,0.0,0.0,Benign
0.251059,53.6237584,43.814434,79.662608,1.222222,1.0,2.0,1.2,3.0,4.0,19.0,0.0,0.0,0.0,0.0,81.18333340000001,373.818182,244.0,28828.828985,22100.687027,13213.621943,19437.676239,9.0,11.0,768.0,4112.0,0.0,0.0,0.0,0.0,0.0,0.0,251058.81691,0.0,29200.0,65160.0,287.8,Benign
0.2442624,33.835367,38.064788,71.900155,1.0765553999999997,1.2,2.0,1.0,5.0,11.8,16.0,0.0,0.0,0.0,0.0,92.1444446,456.888889,341.5058586,33776.99852,25998.741388,14777.436852,20648.032744,17.0,18.8,770.0,15421.2,0.0,0.0,0.0,0.0,0.0,9859745.9522768,236438.989639,0.0,29200.0,65160.0,319.0,Benign
24.120404999999998,1.945075,1.535585,2232.499417,0.9858412,2.0,1.6,3.6,21.0,21.0,43.2,0.0,0.0,0.0,0.0,43.8484128,392.97006799999997,1061.419118,1201946.1028216002,184723.89642,289430.206793,155908.6427694,15.2,12.0,1873.6,26997.0,0.0,17187.9666666,0.0,7.25,0.0,88838.017791,2384327.769279,9845255.613327,29200.0,52278.0,356.0,Benign
0.232645,38.685585,44.3903844,86.4807448,1.2367236,1.0,2.0,1.0,3.0,7.0,20.0,0.0,0.0,0.0,0.0,92.555556,539.5911110000001,306.7551778,29080.599546,18470.374021,11632.239819,27653.932256,159.6,12.0,833.0,8281.0,0.0,134377.56,0.0,1.0,0.0,44107531.743119,232644.796371,0.0,29200.0,65160.0,402.0,Probing
0.275092,36.25013,47.701436,76.338129,1.333333,1.0,2.0,1.0,3.0,7.0,20.0,0.0,0.0,0.0,0.0,93.666667,690.083333,434.47619,34386.485815,22109.356793,13754.594326,33167.099602,9.0,12.0,843.0,8281.0,0.0,4585.0,0.0,5.0,0.0,42830476.258352,275091.88652,0.0,29200.0,65160.0,402.0,Benign
0.0,0.0,0.0,0.0,0.0,0.0,0.0,0.0,0.0,0.0,0.0,0.0,0.0,0.0,0.0,40.0,0.0,40.0,0.0,0.0,0.0,0.0,1.0,0.0,40.0,0.0,0.0,0.0,0.0,0.0,0.0,0.0,0.0,0.0,0.0,0.0,0.0,Background
9.92e-05,9619.963303,10234.675605,19239.926606,1.0,0.0,1.0,1.0,0.0,0.0,1.0,0.0,0.0,0.0,0.0,0.0,0.0,0.0,0.0,0.0,99.9927518,0.0,1.0,1.0,0.0,0.0,0.0,0.0,0.0,0.0,0.0,0.0,103.9505,0.0,29200.0,0.0,29200.0,Benign
0.271244,36.867168,47.927319,84.794487,1.3,1.0,2.0,1.0,3.0,7.0,22.0,0.0,0.0,0.0,0.0,81.72999999999999,637.0,396.347826,30138.227675,20075.917244,12329.274958,33608.110597,10.0,13.0,835.0,8281.0,0.0,4585.0,0.0,5.0,0.0,79139439.670782,271244.049072,0.0,29200.0,65160.0,402.0,Benign
59.996457,0.033335,0.0,0.033335,0.0,0.0,0.2,0.0,0.0,0.0,0.0,0.0,0.0,0.0,0.0,126.0,0.0,126.0,7.200241,0.0,59996456.861496,3399.80737,1.0,0.0,126.0,0.0,0.0,0.0,0.0,0.0,0.0,0.0,0.0,59996456.861496,0.0,0.0,0.0,Background
0.026185399999999998,68.700518,68.700518,137.401035,1.0,0.0,0.0,0.0,0.0,0.0,0.0,0.0,0.0,0.0,0.0,53.0,165.5,109.25,19.9794768,4001.85585,9703.954061,15011.063094,2.0,2.0,106.0,331.0,0.0,0.0,0.0,0.0,0.0,0.0,26559.7820284,0.0,0.0,0.0,0.0,Benign
0.049784,42.5684968,20.086701,82.7021968,0.7,0.0,0.0,0.0,0.0,0.0,0.0,0.0,0.0,0.0,0.0,31.0,57.0,49.0,0.0,2072.8111266,25987.331072399997,1968.496681,1.0,1.0,69.2,88.2,0.0,0.0,0.0,0.0,0.0,0.0,49784.183502,0.0,0.0,0.0,0.0,Benign
0.281896,31.926655,42.568873,74.495528,1.333333,1.0,2.0,1.0,3.0,7.0,20.0,0.0,0.0,0.0,0.0,79.7433334,690.083333,434.428571,35237.014294,22830.00946,14094.805717,32362.985992,9.0,12.0,842.0,8281.0,0.0,4585.0,0.0,5.0,0.0,57405623.402985,281896.114349,0.0,29200.0,65160.0,402.0,Benign
0.271296,41.6701898,47.701436,77.406221,1.333333,1.0,2.0,1.0,3.0,7.0,20.8,0.0,0.0,0.0,0.0,92.666667,601.0566666,434.047619,33912.00304,21734.996275,12376.496631600001,33597.9859,9.0,12.0,834.0,8281.0,0.0,4585.0,0.0,5.0,0.0,68437309.039146,271296.024323,0.0,29200.0,65160.0,402.0,Probing
31.578056,0.031668,0.190005,12.103982599999998,6.0,0.0,7.0,0.0,11.4,0.0,6.0,0.0,0.0,0.0,0.0,128.993914,0.0,0.0,2615946.0470278,6315582.370758,5263009.309769,0.0,0.166667,1.0,0.0,15649.1807692,0.0,2220.8,0.0,0.0,0.0,0.0,7547025.918961,12015514.969826,65320.0,29200.0,65320.0,Background
0.2725518,36.25013,44.094599,84.5054536,1.333333,1.0,2.0,1.0,3.0,7.0,20.0,0.0,0.0,0.0,0.0,93.333333,690.083333,434.333333,34017.771482,22093.816237,13607.108593,33385.393489,9.0,12.0,840.0,8281.0,0.0,4585.0,0.0,5.0,0.0,7334433.196034,272142.17186,0.0,29200.0,65160.0,402.0,Benign
0.035067,79.42377400000001,114.067092,152.3446596,0.666667,2.0,2.0,0.0,0.0,1.0,9.0,0.0,0.0,0.0,0.0,47.333333,345.75,166.7,7019.376755,8029.699326,3899.653753,15400.7467714,6.0,4.0,284.0,1383.0,0.0,0.0,0.0,0.0,0.0,0.0,35096.883774,0.0,29200.0,26214.0,63.0,Background
0.194178,61.799011,51.499176,113.298186,1.1129292,1.2,2.0,0.0,3.2,3.0,20.2,0.0,0.0,0.0,0.0,64.416667,449.7,239.545455,17654.267224,14140.522480000003,9247.473308,27140.065493,12.0,10.0,773.0,4497.0,0.0,0.0,0.0,0.0,0.0,24464002.296207797,207008.21876559997,0.0,29200.0,65535.0,80.0,Benign
6.26e-05,17848.102128,17848.102128,24886.947152799996,0.8,0.0,0.8,1.0,0.0,0.0,1.0,0.0,0.0,0.0,0.0,0.0,0.0,0.0,0.0,0.0,56.028366,0.0,1.0,1.0,0.0,0.0,0.0,0.0,0.0,0.0,0.0,0.0,56.028366,0.0,29200.0,0.0,29200.0,Benign
8.9e-05,11244.782842,11244.782842,17058.575072,1.0,0.0,1.0,0.0,0.0,0.0,0.4,0.0,0.0,0.0,0.0,7.2,0.0,0.0,0.0,0.0,88.93013,0.0,1.0,1.0,0.0,29.4,0.0,0.0,0.0,0.0,0.0,0.0,88.93013,0.0,5840.0,29200.0,5840.0,Background
0.0,0.0,0.0,0.0,0.0,0.0,0.0,0.0,0.0,0.0,0.0,0.0,0.0,0.0,0.0,90.2,0.0,122.0,0.0,0.0,0.0,0.0,1.0,0.0,122.0,0.0,0.0,0.0,0.0,0.0,0.0,0.0,0.0,0.0,0.0,0.0,0.0,Benign
1.698056,4.122361,2.944544,3733.6152356,0.714286,2.0,2.0,1.2,2.0,1.0,11.0,0.0,0.0,0.0,0.0,53.0,159.8,97.5,283013.304075,88286.32036839999,154370.893132,689.023219,3.5,2.5,185.5,403.7,0.0,0.0,0.0,0.0,0.0,0.0,271578.836441,0.0,11884.8,26214.0,5852.0,Benign
0.340835,29.339722,41.075611,100.0557158,1.4,0.6,0.8,1.0,1.2,7.0,13.2,0.0,0.0,0.0,0.0,64.1233334,591.5,379.833333,37870.539559,23971.227499,14818.906784,18417.3144608,10.0,5.8,835.0,8281.0,0.0,4585.0,0.0,5.0,0.0,62846025.620915,340834.856033,0.0,29200.0,26139.0,402.0,Benign
212.304845,0.367396,0.325004,0.692401,0.884615,2.0,2.0,0.6,21.0,18.0,144.0,0.0,0.0,0.0,0.0,39.436216200000004,2664.536232,1262.653061,2757205.88263,7410.9231218,1454142.82851,874.261725,11.142857,13.2,997.6,43898.4,0.0,39134.75,0.0,10.0,0.0,2851091.476134,1035952.011744,41217828.178406,29200.0,65535.0,0.0,Benign
4.7e-05,21290.883249,21290.883249,24886.9471528,1.0,0.0,1.0,1.0,0.0,0.0,1.0,0.0,0.0,0.0,0.0,0.0,0.0,0.0,0.0,0.0,46.96846,0.0,1.0,1.0,0.0,0.0,0.0,0.0,0.0,0.0,0.0,0.0,46.96846,0.0,29200.0,5840.0,29200.0,Background
0.024405,40.32565459999999,40.975206,81.950411,1.0,0.0,0.0,0.0,0.0,0.0,0.0,0.0,0.0,0.0,0.0,36.0,52.0,44.0,2.8133392,0.0,24405.002594,3605.818097,1.0,1.0,36.0,60.6,0.0,0.0,0.0,0.0,0.0,0.0,24405.002594,0.0,0.0,0.0,0.0,Benign
1.335265,21.0245164,2.99566,7.489151,0.666667,2.0,2.0,0.4,1.0,1.0,9.0,0.0,0.0,0.0,0.0,48.0,235.1,50.8,267059.230804,441431.601842,148366.239336,380.448847,3.0,2.0,144.0,2239.4,0.0,0.0,0.0,0.0,0.0,0.0,1335296.154022,0.0,17520.0,65535.0,60.0,Benign
0.05136,38.940892,38.940892,136.5677502,1.0,0.0,0.0,0.0,0.0,0.0,0.0,0.0,0.0,0.0,0.0,47.0,191.0,119.0,14.066696,10184.049606,17119.963964,9267.932281,2.0,2.0,94.0,252.2,0.0,0.0,0.0,0.0,0.0,0.0,51359.891891,0.0,0.0,0.0,0.0,Benign
1.382622,7.955898,8.317474200000001,15.911797,0.6898268,2.0,2.0,0.0,4.0,2.0,21.0,0.0,0.0,0.0,0.0,75.272727,303.8233576,222.772727,138263.392448,117951.393127,65884.612855,3544.714309,4.8,56.4,828.0,1740.8,0.0,0.0,0.0,0.0,0.0,0.0,2315625.2384186,0.0,29200.0,65535.0,80.0,Benign
8.2e-05,12228.291545,14426.652127600002,24456.58309,1.0,0.0,1.0,0.0,0.0,0.0,0.6,0.0,0.0,0.0,0.0,0.0,0.0,0.0,0.0,0.0,81.777573,0.0,1.0,1.0,0.0,0.0,0.0,0.0,0.0,0.0,0.0,0.0,81.777573,0.0,12848.0,29200.0,5840.0,Background
0.024229,82.54554,82.54554,165.091081,1.0,0.0,0.0,0.0,0.0,0.0,0.0,0.0,0.0,0.0,0.0,31.0,58.8,49.25,20.980835,34.093857,13220.834732,8130.735732,2.0,2.0,62.0,98.6,0.0,0.0,0.0,0.0,0.0,0.0,24229.049683,0.0,0.0,0.0,0.0,Benign
7.3e-05,13706.875817,13706.875817,21134.000017799997,1.0,0.0,1.0,1.0,0.0,0.0,1.0,0.0,0.0,0.0,0.0,24.8,0.0,0.0,0.0,0.0,74.148178,0.0,1.0,1.0,0.0,0.0,0.0,0.0,0.0,0.0,0.0,0.0,72.956085,0.0,29200.0,0.0,29200.0,Benign
0.024229,82.54554,82.54554,165.091081,1.0,0.0,0.0,0.0,0.0,0.0,0.0,0.0,0.0,0.0,0.0,42.0,69.5,72.25,25.033951,24.080276,13115.8351898,11927.830591,2.0,2.0,84.0,205.0,0.0,0.0,0.0,0.0,0.0,0.0,24229.049683,0.0,0.0,0.0,0.0,Background
115.694312,0.190156,0.172869,0.363026,0.909091,2.0,2.0,0.0,1.0,3.0,41.0,0.0,0.0,0.0,0.0,51.481080999999996,555.2,271.619048,5509256.998698,6085155.060417,4974.5877584,140953.667659,1.692308,1.538462,23.384615,854.153846,0.0,11104.0,0.0,0.0,0.0,24899.530872,467445.810636,0.0,29200.0,65535.0,103.0,Background
0.024702,56.78454079999999,80.965649,112.14818419999999,1.0,0.0,0.0,0.0,0.0,0.0,0.0,0.0,0.0,0.0,0.0,36.0,73.5,54.75,15.02037,16.927719,13220.834732,8865.73857,2.0,2.0,72.0,147.0,0.0,0.0,0.0,0.0,0.0,0.0,24701.833725,0.0,0.0,0.0,0.0,Benign
4.9448618,93.283925,94.764622,188.048546,1.015873,1.0,2.0,18.0,9.0,2.4,187.2,0.0,0.0,0.0,0.0,10.825397,655.3371752,575.7353016,10739.004469,10305.428037,5328.264462,194284.502655,252.0,256.0,2728.0,1780.2,0.0,85939.833333,0.0,40.666667,0.0,269007.649799,2701430.082321,0.0,11680.0,65535.0,16.0,Background
1.097311,38.6379984,63.792306,131.229886,0.9812078,1.6,2.0,0.0,6.8,55.0,143.0,0.0,0.0,0.0,0.0,28.581081,1176.601529,1115.722222,21482.269951399998,15565.333159,7673.637017,146416.099981,74.0,117.6,2115.0,158549.0,0.0,150599.0,0.0,58.0,0.0,9449245.354836999,1097330.093384,0.0,29200.0,65535.0,340.0,Benign
9.919999999999999e-05,9362.285714,10144.658043,18724.571429,1.0,0.0,1.0,1.0,0.0,0.0,1.0,0.0,0.0,0.0,0.0,0.0,0.0,0.0,0.0,0.0,106.811523,0.0,1.0,1.0,0.0,0.0,0.0,0.0,0.0,0.0,0.0,0.0,106.811523,0.0,29200.0,0.0,29200.0,Benign
1.511197,3.094222,2.873206,5.967428,0.6592705999999999,2.0,2.0,2.0,6.0,5.0,24.0,0.0,0.0,0.0,0.0,65.1443798,268.2,253.740741,348044.230388,375155.091286,174022.115194,11178.0812584,7.0,6.5,1982.2,2512.5,0.0,0.0,0.0,0.0,0.0,0.0,4524574.995041,0.0,29200.0,65160.0,31.0,Bruteforce-XML
0.1182794,68.756828,62.506207,131.263035,0.909091,2.0,0.8,0.0,4.0,2.0,20.0,0.0,0.0,0.0,0.0,72.0,390.4,223.619048,15999.507904,15279.00166,7999.753952,29352.914784,11.0,6.6,792.0,3904.0,0.0,0.0,0.0,0.0,0.0,0.0,159995.079041,0.0,29200.0,65535.0,74.0,Benign
0.025121400000000006,40.281818,47.390672200000004,80.563636,1.0,0.0,0.0,0.0,0.0,0.0,0.0,0.0,0.0,0.0,0.0,36.0,95.0,65.5,0.0,0.0,24825.09613,5276.918136,1.0,1.0,36.0,95.0,0.0,0.0,0.0,0.0,0.0,0.0,24825.09613,0.0,0.0,0.0,0.0,Benign
4.4e-05,22671.913514,22671.913514,24886.947152799996,1.0,0.0,0.8,1.0,0.0,0.0,1.0,0.0,0.0,0.0,0.0,0.0,0.0,0.0,0.0,0.0,44.107437,0.0,1.0,1.0,0.0,0.0,0.0,0.0,0.0,0.0,0.0,0.0,44.107437,0.0,29200.0,0.0,29200.0,Background
7.7e-05,14001.808978199999,12985.4613,25970.922601,1.0,0.0,1.0,1.0,0.0,0.0,1.0,0.0,0.0,0.0,0.0,0.0,0.0,0.0,0.0,0.0,77.009201,0.0,1.0,1.0,0.0,0.0,0.0,0.0,0.0,0.0,0.0,0.0,77.009201,0.0,29200.0,0.0,29200.0,Benign
7.424356,37.694858800000006,1.885685,4.175446,0.823529,1.2,2.0,2.0,3.0,6.0,29.0,0.0,0.0,0.0,0.0,117.823529,419.928571,254.258065,484725.430608,3058.0467648000003,258520.229657,1061.640904,8.5,7.0,463.7,2939.5,0.0,0.0,0.0,2.3,0.0,146269.1101466,7755606.889725,0.0,29200.0,13032.0,0.0,Benign
0.0,0.0,0.0,0.0,0.0,0.0,1.0,0.0,0.0,0.0,0.0,0.0,0.0,0.0,0.0,0.0,0.0,25.6,0.0,0.0,0.0,0.0,1.0,0.0,47.8,0.0,0.0,0.0,0.0,0.0,0.0,0.0,0.0,0.0,12848.0,0.0,65320.0,Background
1.528511,1.962695,0.0,1.962695,0.6896276,0.0,0.4,0.0,0.0,0.0,0.0,0.0,0.0,0.0,0.0,34.945389999999996,501.5533334,486.3229794,764255.404472,3973.6374005999996,764255.404472,11846.206432800001,73.8,72.6,150.0,0.0,0.0,0.0,0.0,0.0,0.0,0.0,1528510.808945,0.0,0.0,0.0,0.0,Background
0.120005,1.006115,1.620016,2.626131,1.610169,2.0,0.8,0.0,37.0,50.0,8.4,0.0,0.0,0.0,0.0,319.135593,107.768421,188.746753,1011058.692274,142422.24897080002,383278.033313,495.673754,7.375,11.875,2353.625,1279.75,3424.666667,0.0,0.0,7.0,22999.930772,146269.1101466,11935301.542282,4165879.0111542,17724.8,65535.0,180.0,Background
0.0,0.0,0.0,0.0,0.0,0.0,0.4,0.0,0.0,0.0,0.0,0.0,0.0,0.0,0.0,31.2,0.0,8.0,0.0,0.0,0.0,0.0,1.0,0.0,8.0,0.0,0.0,0.0,0.0,0.0,0.0,0.0,0.0,0.0,0.0,0.0,13064.0,Background
10.2769076,27.6125,27.06025,54.672751,0.98,2.0,2.0,0.4,13.0,37.0,42.2,0.0,0.0,0.0,0.0,53.8584334,1067.755102,548.111111,78127.74690900001,197418.90072720003,42202.0327264,29966.742048,50.0,49.0,1943.0,52320.0,0.0,177811.56,0.0,11.5,0.0,731345.550733,380864.1672134,1000345.6115722001,29200.0,65160.0,0.0,Bruteforce
0.0,2.0726046,0.0,3.1089068,0.0,0.0,0.2,0.0,0.0,0.0,0.0,0.0,0.0,0.0,0.0,48.0,0.0,0.0,0.0,0.0,19299.3879318,0.0,1.0,0.0,50.4,0.0,0.0,0.0,0.0,0.0,0.0,0.0,0.0,0.0,1024.0,0.0,1024.0,Benign
0.224904,47.331754000000004,48.913225,106.712169,1.4,1.0,2.0,1.0,3.0,4.2,23.0,0.0,0.0,0.0,0.0,76.0033334,591.5,380.0,24989.34004,15008.926392,9778.437407,40550.624054,10.0,14.0,839.0,8281.0,0.0,4585.0,0.0,5.0,0.0,47250328.845209,224904.060364,0.0,29200.0,52203.0,287.8,Benign
0.024685,48.476880200000004,40.510586,112.5209476,1.0,0.0,0.0,0.0,0.0,0.0,0.0,0.0,0.0,0.0,0.0,36.0,52.0,56.9,0.0,71.3825226,24684.906006,6334.3127072,1.4,1.4,36.0,52.0,0.0,0.0,0.0,0.0,0.0,0.0,24684.906006,0.0,0.0,0.0,0.0,Benign
0.2419266,37.0502684,46.179506,83.962738,1.222222,1.0,2.0,1.0,3.0,4.0,19.0,0.0,0.0,0.0,0.0,93.76666680000001,564.9555556,244.1,29775.112867,20708.489418,12536.889628,29929.468872999998,9.0,11.0,770.0,4112.0,0.0,2751.0,0.0,0.0,0.0,27397514.392925,238200.902939,0.0,29200.0,65160.0,319.0,Benign
0.025922,78.87435500000001,77.155072,154.310143,1.0,0.0,0.0,0.0,0.0,0.0,0.0,0.0,0.0,0.0,0.0,46.2,134.0,82.0,23.841858,1584.3391416,8640.607198,12962.052022,2.0,2.0,68.0,268.0,0.0,0.0,0.0,0.0,0.0,0.0,25921.821594,0.0,0.0,0.0,0.0,Background
0.025157,40.82872580000001,69.73005500000001,159.00163,1.0,0.0,0.0,0.0,0.0,0.0,0.0,0.0,0.0,0.0,0.0,36.0,93.7,55.55,14.066696,14.066696,48975.372314399996,8705.339247,2.0,1.6,72.0,147.0,0.0,0.0,0.0,0.0,0.0,0.0,55956.125259399996,0.0,0.0,0.0,0.0,Benign
0.23938,41.774563,54.306932,96.081495,1.2377776,1.0,2.0,1.0,3.0,5.6,19.0,0.0,0.0,0.0,0.0,82.1033334,637.0,396.434783,26597.791248,21981.1390338,10880.914601,38090.046714,10.0,13.0,784.2,8281.0,0.0,4585.0,0.0,5.0,0.0,42080708.621444,239380.121231,0.0,29200.0,65235.0,402.0,Benign
2.449389,20.303175799999998,4.899181,9.798362,1.0,1.2,2.0,0.0,6.0,4.0,23.0,0.0,0.0,0.0,0.0,70.416667,327.166667,198.791667,222675.280137,215545.090762,67471.06721400001,1947.83272,6.0,63.1,422.5,1963.0,0.0,0.0,0.0,0.0,0.0,0.0,2449428.081512,0.0,29200.0,65535.0,102.2,Background
0.3348312,1.650812,1.540757,3.191569,0.933333,1.2,0.8,0.4,6.0,11.6,6.4,0.0,0.0,0.0,0.0,115.7026742,358.928571,156.18761139999998,261645.7730142,696821.01103,324516.211237,754.751028,7.5,7.0,916.5,2512.5,0.0,0.0,0.0,0.0,0.0,0.0,2767196.7506408,8861252.069473,29200.0,65160.0,140.4,Bruteforce-XML
0.229488,34.860226,39.217755,74.077981,1.125,1.0,2.0,1.0,3.0,4.0,18.0,0.0,0.0,0.0,0.0,96.5,456.888889,276.2073518,32783.985138,24961.620569,11073.1516788,24535.579529599996,8.0,9.0,772.0,4112.0,0.0,0.0,0.0,0.0,0.0,0.0,229487.895966,0.0,29200.0,65160.0,319.0,Probing
0.0,0.0,0.0,0.0,0.0,0.0,0.0,0.0,0.0,0.0,0.0,0.0,0.0,0.0,0.0,54.2,0.0,40.0,0.0,0.0,0.0,0.0,1.0,0.0,54.2,0.0,0.0,0.0,0.0,0.0,0.0,0.0,0.0,0.0,0.0,0.0,0.0,Background
0.026299799999999995,75.1069538,68.168475,151.79528820000002,1.0,0.0,0.0,0.0,0.0,0.0,0.0,0.0,0.0,0.0,0.0,42.0,158.5,101.25,18.167495600000002,2825.5462646,9779.691696,13804.116141,2.0,2.0,88.0,293.4,0.0,0.0,0.0,0.0,0.0,0.0,29339.075089,0.0,0.0,0.0,0.0,Benign
0.025081199999999998,81.162274,81.162274,162.324548,1.0,0.0,0.0,0.0,0.0,0.0,0.0,0.0,0.0,0.0,0.0,36.0,73.5,54.75,17.881393,260.3530884,8213.996887,8887.269012,2.0,2.0,72.0,147.0,0.0,0.0,0.0,0.0,0.0,0.0,24641.990662,0.0,0.0,0.0,0.0,Benign
1.528619,1.962556,0.0,77.60749700000001,0.0,0.0,0.0,0.0,3.2,0.0,115.0,0.0,0.0,0.0,0.0,50.0,614.9133334,50.0,170215.42435420002,0.0,764309.406281,98.127799,3.0,0.0,150.0,31968.4,0.0,0.0,0.0,0.0,0.0,0.0,1528618.812561,0.0,0.0,18476.4,0.0,Background
4.82e-05,10162.0183928,9258.949227,16187.795916,1.0,0.0,1.0,1.0,0.0,0.0,0.6,0.0,0.0,0.0,0.0,0.0,0.0,0.0,0.0,0.0,108.003616,0.0,1.0,1.0,0.0,0.0,0.0,0.0,0.0,0.0,0.0,0.0,108.003616,0.0,29120.0,5840.0,24528.0,Benign
0.0197544,83.053058,83.053058,100.0278394,0.6,0.0,0.0,0.0,0.0,0.0,0.0,0.0,0.0,0.0,0.0,36.8,73.5,78.1,20.980835,84.877014,8026.997248,9094.309832,2.0,2.0,72.0,147.0,0.0,0.0,0.0,0.0,0.0,0.0,9719.7532654,0.0,0.0,0.0,0.0,Benign
171.324938,0.1109,0.099227,0.210127,0.894737,2.0,2.0,0.0,11.8,7.0,34.0,0.0,0.0,0.0,0.0,44.052632,947.352941,470.611111,9518052.710427,10706339.493394,4894998.536791,98.888114,13.3134616,8.5,418.5,8052.5,684.9333334,3137.8,0.0,6.0,4599.9861544,2469678.355269,2582400.5285898,170378032.922745,29200.0,65535.0,509.0,Benign
0.000103,9709.037037,9709.037037,19418.074074,1.0,0.0,1.0,1.0,0.0,0.0,1.0,0.0,0.0,0.0,0.0,0.0,0.0,0.0,0.0,0.0,102.996826,0.0,1.0,1.0,0.0,0.0,0.0,0.0,0.0,0.0,0.0,0.0,102.996826,0.0,29200.0,0.0,29200.0,Background
0.2538948,47.7328114,34.532645,65.612026,1.111111,1.0,2.0,1.0,3.0,4.0,18.0,0.0,0.0,0.0,0.0,84.777778,545.28,261.894737,36197.632551,18160.1587524,16087.836689,17183.444224,9.0,10.0,763.0,4213.0,0.0,2751.0,0.0,0.0,0.0,0.0,289581.06041,0.0,29200.0,65160.0,319.0,Benign
0.2781146,36.25013,46.951744,83.06847,1.3133332,1.0,2.0,1.0,3.0,7.0,22.0,0.0,0.0,0.0,0.0,84.4,637.0,396.73913,30764.447318,20427.00847,12376.4966316,32956.512379,10.2,13.0,844.0,8281.0,0.0,4585.0,0.0,5.0,0.0,39569719.835391,276880.025864,0.0,29200.0,65160.0,402.0,Benign
170.813252,0.128796,0.09367,0.222465,0.727273,2.0,2.0,0.0,8.0,50.0,34.0,0.0,0.0,0.0,0.0,59.272727,761.75,355.052632,8133968.52357,11386030.546824,4616576.729594,78.986846,5.5,4.0,326.0,3047.0,0.0,0.0,0.0,0.0,0.0,0.0,163462.758064,34075606.584548995,29200.0,65535.0,0.0,Benign
25.158644,2.305371,2.186127,4.491498,0.948276,1.0,2.0,0.0,3.8,34.0,112.0,0.0,0.0,0.0,0.0,69.3422222,2134.418182,1058.141593,441380.283289,465484.371892,224631.037031,4752.640844,14.5,13.75,544.25,29348.25,0.0,917.0,0.0,15.666667,0.0,146269.1101466,306615.769863,7977404.356003,29200.0,65535.0,385.0,Benign
0.244222,36.851728,48.913225,90.082002,1.2377775999999998,0.8,2.0,1.0,3.0,7.0,21.0,0.0,0.0,0.0,0.0,92.666667,637.0,414.318182,30527.740717,17921.169599,12022.472635400001,23650.2569006,9.0,13.0,834.0,8281.0,0.0,1834.0,0.0,5.0,0.0,4459852.467532,244221.925735,0.0,29200.0,52203.0,402.0,Benign
239.99546,0.020834,0.0,0.020834,0.0,0.0,0.0,0.2,0.0,0.0,0.0,0.0,0.0,0.0,0.0,123.0,14.7,94.2,7.200241,0.0,59998865.008354,2.562548,1.0,0.0,123.0,29.4,0.0,0.0,0.0,0.0,0.0,0.0,0.0,59998865.008354,0.0,0.0,0.0,Benign
6.6e-05,13133.538395400003,15196.753623,30393.507246,1.0,0.0,1.0,0.8,0.0,0.0,1.0,0.0,0.0,0.0,0.0,0.0,0.0,0.0,0.0,0.0,65.803528,0.0,1.0,1.0,0.0,0.0,0.0,0.0,0.0,0.0,0.0,0.0,65.803528,0.0,17520.0,0.0,23360.0,Background
0.000108,11599.974898600001,9258.949227,18517.898455,1.0,0.0,1.0,1.0,0.0,0.0,1.0,0.0,0.0,0.0,0.0,0.0,0.0,0.0,0.0,0.0,94.7952268,0.0,1.0,1.0,0.0,0.0,0.0,0.0,0.0,0.0,0.0,0.0,108.003616,0.0,29200.0,0.0,29200.0,Background
0.202369,4.941469,1306.731388,2615.7949484,1.0,0.0,0.0,0.0,0.0,0.0,0.0,0.0,0.0,0.0,0.0,33.7,269.1944444,48.0,0.0,9051.69953,202368.974686,136652.01313399998,4.2,5.0,48.0,862.6,0.0,0.0,0.0,0.0,0.0,0.0,202368.974686,0.0,0.0,0.0,44.6,Background
0.0,0.0,0.0,0.0,0.0,0.0,0.0,0.0,0.0,0.0,0.0,0.0,0.0,0.0,0.0,36.0,0.0,36.0,0.0,0.0,0.0,0.0,1.0,0.0,36.0,0.0,0.0,0.0,0.0,0.0,0.0,0.0,0.0,0.0,0.0,0.0,0.0,Benign
0.025079,76.63797079999999,77.20430719999999,160.290749,1.0,0.0,0.0,0.0,0.0,0.0,0.0,0.0,0.0,0.0,0.0,55.0,129.0,92.0,22.888184,1404.9530028,8359.670639,14673.624352,2.0,2.0,110.0,258.0,0.0,0.0,0.0,0.0,0.0,0.0,25079.011917,0.0,0.0,0.0,0.0,Benign
0.025121400000000006,40.0310508,40.226958,80.453916,1.0,0.0,0.0,0.0,0.0,0.0,0.0,0.0,0.0,0.0,0.0,36.0,77.8,65.5,0.0,0.0,24858.951569,5269.731494,1.0,1.0,36.0,95.0,0.0,0.0,0.0,0.0,0.0,0.0,24858.951569,0.0,0.0,0.0,0.0,Benign
0.025732,78.9952012,77.724833,154.8525436,1.0,0.0,0.0,0.0,0.0,0.0,0.0,0.0,0.0,0.0,0.0,47.0,188.0,109.75,16.927719,973.939896,8577.267329,18265.335644,2.0,2.0,89.6,376.0,0.0,0.0,0.0,0.0,0.0,0.0,25731.801987,0.0,0.0,0.0,0.0,Benign
0.000206,4854.518519,4854.518519,9709.037037,1.0,0.0,1.0,1.0,0.0,0.0,1.0,0.0,0.0,0.0,0.0,0.0,0.0,32.8,0.0,0.0,94.22302220000002,0.0,1.0,1.0,0.0,0.0,0.0,0.0,0.0,0.0,0.0,0.0,205.993652,0.0,29200.0,0.0,29200.0,Background
1.521511,48.1137292,496.217222,995.063409,0.99473,2.0,2.0,0.0,4.4,597.0,16.4,0.0,0.0,0.0,0.0,34.94,593.5891156,282.9803174,2007.299489,12211.615244600001,1005.639797,27634.460926599997,759.0,755.0,2536.0,12994.2,0.0,662717.8,0.0,265.4,0.0,32131626.610365797,146012.0201112,0.0,29200.0,65535.0,1664.0,Benign
0.2700032,36.927476,48.050579199999994,84.933196,1.3,1.0,2.0,1.0,3.0,7.0,22.0,0.0,0.0,0.0,0.0,83.6,637.0,396.391304,30089.007484,20052.0823054,12309.139425,33666.780154,10.0,13.0,836.0,8281.0,0.0,4585.0,0.0,5.0,0.0,60178509.24396781,270801.067352,0.0,29200.0,65160.0,402.0,Benign
0.023657,40.32565459999999,42.271063,84.542127,1.0,0.0,0.0,0.0,0.0,0.0,0.0,0.0,0.0,0.0,0.0,36.0,52.0,44.0,0.0,0.0,23656.845093,3719.853584,1.0,1.2,36.0,52.0,0.0,0.0,0.0,0.0,0.0,0.0,23656.845093,0.0,0.0,0.0,0.0,Benign
0.0246516,84.02495100000002,82.000078,162.9083208,1.0,0.0,0.0,0.0,0.0,0.0,0.0,0.0,0.0,0.0,0.0,37.0,107.5,66.45,17.166138,23.126602,8130.073547,11685.011144,2.0,2.0,70.0,214.0,0.0,0.0,0.0,0.0,0.0,0.0,24390.220642,0.0,0.0,0.0,0.0,Benign
0.254675,35.396398,51.27823539999999,82.591594,1.333333,1.0,2.0,1.4,3.0,7.0,20.0,0.0,0.0,0.0,0.0,91.3622222,690.083333,441.57663579999996,31782.895327,20282.810385,11057.643405400002,35860.483706,9.0,12.0,837.0,17088.8,0.0,4585.0,0.0,6.3,0.0,41886855.833195,254263.162613,0.0,29200.0,65235.0,402.0,Probing
0.027226,73.459271,73.459271,146.918542,1.0,0.0,0.0,0.0,0.0,0.0,0.0,0.0,0.0,0.0,0.0,46.8,254.0,144.5,22.888184,2964.019775,9075.323741,21229.729338,2.0,2.0,93.6,508.0,0.0,0.0,0.0,0.0,0.0,0.0,27225.971222,0.0,0.0,0.0,0.0,Benign
0.02347,85.214575,85.214575,170.42915,1.0,0.0,0.0,0.0,0.0,0.0,0.0,0.0,0.0,0.0,0.0,36.0,73.5,53.65,17.166138,12.159348,7823.387782,9330.995987,2.0,2.0,72.0,147.0,0.0,0.0,0.0,0.0,0.0,0.0,23470.163345,0.0,0.0,0.0,0.0,Benign
24.388976,11.562601,11.685607,5251.617901,1.010638,2.0,2.0,2.0,14.0,49.0,564.0,0.0,0.0,0.0,0.0,29.72695,695.1891155999999,1226.287478,86793.583907,12169.036070400001,7989.001924200001,28508.986898,282.0,285.0,8383.0,12120.2,0.0,217170.0,0.0,89.0,0.0,13123828.025029799,140990.0188448,0.0,29200.0,26847.0,0.0,Benign
0.0,0.0,0.0,0.006666999999999999,0.0,0.0,0.0,0.0,0.0,0.0,0.0,0.0,0.0,0.0,0.0,201.0,0.0,201.0,0.0,0.0,12000887.298584001,0.0,1.0,0.0,201.0,0.0,0.0,0.0,0.0,0.0,0.0,0.0,0.0,11999291.3722992,0.0,0.0,0.0,Background
6.6e-05,13133.538395400003,15141.891697,30283.783394,1.0,0.0,1.0,1.0,0.0,0.0,1.0,0.0,0.0,0.0,0.0,0.0,10.4,0.0,0.0,0.0,66.041946,0.0,1.0,1.0,0.0,10.4,0.0,0.0,0.0,0.0,0.0,0.0,66.041946,0.0,17520.0,0.0,23360.0,Benign
11.126678,43.185893,1.168363,2.4266,0.8560000000000001,2.0,2.0,2.0,2.6,5.0,8.8,0.0,0.0,0.0,0.0,130.857143,386.538462,253.962963,855899.150555,4297.85649,8488.2555586,616.266599,7.0,13.0,916.0,10596.0,0.0,0.0,0.0,0.0,0.0,0.0,112526.059151,10901636.838913,29200.0,26064.0,0.0,Benign
0.026250000000000002,62.89786720000001,77.01442819999998,152.137037,1.0,0.0,0.0,0.0,0.0,0.0,0.0,0.0,0.0,0.0,0.0,46.2,157.6,100.5,15.02037,2010.10704,8764.028549,15289.772192,2.0,2.0,84.0,318.0,0.0,0.0,0.0,0.0,0.0,0.0,25776.958465599997,0.0,0.0,0.0,0.0,Benign
0.023939,83.546048,83.546048,167.092095,1.0,0.0,0.0,0.0,0.0,0.0,0.0,0.0,0.0,0.0,0.0,77.4,52.4,86.5,7.390976,8.153915399999999,7979.631424,14453.466232,1.4,0.8,92.6,154.8,0.0,0.0,0.0,0.0,0.0,0.0,9993.982315,0.0,0.0,0.0,0.0,Benign
0.281304,34.6793946,46.213369,81.762114,1.3,1.0,2.0,1.0,3.0,7.0,20.8,0.0,0.0,0.0,0.0,83.8,658.2333332000001,396.478261,31255.986955,21094.659964,12786.540118,33036.4720212,9.6,12.2,838.0,8281.0,0.0,4585.0,0.0,5.0,0.0,38149638.17678501,281303.882599,0.0,29200.0,65160.0,402.0,Benign
0.263898,34.104099,45.472132,79.576231,1.2977776000000003,1.0,2.0,1.0,3.0,7.0,21.0,0.0,0.0,0.0,0.0,93.333333,649.1333332,434.333333,31090.125110400004,21104.530855,13194.894791,34562.6098,9.4,12.0,840.0,7447.2,0.0,4585.0,0.0,5.0,0.0,46339479.13253,264735.9848024,0.0,29200.0,65160.0,402.0,Benign
6.9e-05,14513.16263,14513.16263,21177.627969399997,1.0,0.0,1.0,1.0,0.0,0.0,1.0,0.0,0.0,0.0,0.0,0.0,0.0,0.0,0.0,0.0,74.148178,0.0,1.0,1.0,0.0,0.0,0.0,0.0,0.0,0.0,0.0,0.0,68.902969,0.0,29200.0,0.0,29200.0,Background
0.6070986,2.65489,1.676773,4.331663,0.631579,2.0,3.0,0.2,5.0,13.0,28.0,0.0,0.0,0.0,0.0,63.894737,572.4710204,344.677419,399184.836282,182635.89319,239510.901769,1493.026371,6.333333,4.0,404.666667,3157.0,0.0,0.0,0.0,0.0,0.0,0.0,1090922.474861,5003482.103348,29200.0,28960.0,80.0,Benign
0.117385,102.22779,85.189825,187.417615,0.833333,2.0,1.2,3.0,1.4,4.0,18.0,0.0,0.0,0.0,0.0,66.0,230.09,122.799091,4945.0761622,10340.425703,5590.336663,15065.322659599999,12.0,10.0,257.8,3926.0,0.0,0.0,0.0,0.0,0.0,0.0,26889.9440764,0.0,29200.0,65535.0,28.6,Background
0.00016,6250.825633,6250.825633,12501.651267,1.0,0.0,0.0,0.0,0.0,0.0,0.0,0.0,0.0,0.0,0.0,72.2,21.2,58.7,64546.0128784,0.0,37254.977226200004,656336.691505,1.0,1.0,51.0,54.0,0.0,0.0,0.0,0.0,0.0,0.0,159.978867,0.0,0.0,0.0,204.8,Background
0.025782,54.501037,77.573175,155.14635,0.8,0.0,0.0,0.0,0.0,0.0,0.0,0.0,0.0,0.0,0.0,53.0,165.5,109.25,30.040741,902.7957918,13282.616933199999,16949.738741,1.6,2.0,106.0,331.0,0.0,0.0,0.0,0.0,0.0,0.0,25782.108307,0.0,0.0,0.0,0.0,Benign
0.0247,80.971901,55.3641034,161.943803,0.8,0.0,0.0,0.0,0.0,0.0,0.0,0.0,0.0,0.0,0.0,36.0,73.5,54.75,15.02037,325.918198,9864.457448199999,8866.423189,2.0,2.0,72.0,147.0,0.0,0.0,0.0,0.0,0.0,0.0,24699.926376,0.0,0.0,0.0,0.0,Benign
0.028197,70.929405,74.20304680000001,141.858811,1.0,0.0,0.0,0.0,0.0,0.0,0.0,0.0,0.0,0.0,0.0,34.0,125.0,79.5,25.033951,1890.8023834,9399.016698,11277.775474,2.0,2.0,76.0,212.0,0.0,0.0,0.0,0.0,0.0,0.0,28197.050095,0.0,0.0,0.0,0.0,Background
0.0,0.0,4448.8821054,0.0,0.0,0.0,1.0,0.0,0.0,0.0,0.0,0.0,0.0,0.0,0.0,0.0,0.0,40.8,0.0,0.0,0.0,0.0,1.0,0.4,0.0,0.0,0.0,0.0,0.0,0.0,0.0,0.0,0.0,0.0,28800.0,0.0,28800.0,Benign
5.197063999999999,24.202843,24.184563,281.1409856,0.999245,2.0,2.0,2.0,1307.0,1311.0,2644.0,0.0,0.0,0.0,0.0,37.6341896,490.257748,331.062041,41348.694674,30288.670400000003,18366.9116144,17687.964466,1324.0,1323.0,318997.0,648611.0,0.0,175977.56,0.0,70.88,0.0,34816.365035,54704323.05336,0.0,11680.0,65160.0,348.8,Probing
0.000232,4322.403316000001,3095.4045108,8660.8399044,1.0,0.0,0.0,0.0,0.0,0.0,0.0,0.0,0.0,0.0,0.0,48.0,52.0,54.6,2.8133392,0.0,231.981277,449525.21469459997,1.0,1.0,48.0,52.0,0.0,0.0,0.0,0.0,0.0,0.0,231.981277,0.0,0.0,0.0,0.0,Benign
5.1e-05,19599.551402,13113.7034294,24837.5797088,1.0,0.0,1.0,1.0,0.0,0.0,1.0,0.0,0.0,0.0,0.0,0.0,0.0,0.0,0.0,0.0,51.021576,0.0,1.0,1.0,0.0,0.0,0.0,0.0,0.0,0.0,0.0,0.0,78.77349840000001,0.0,29200.0,0.0,29200.0,Benign
0.0,0.0,0.0,0.0,0.0,0.0,0.2,0.0,0.0,0.0,0.0,0.0,0.0,0.0,0.0,40.0,0.0,40.0,0.0,0.0,0.0,0.0,1.0,0.0,40.0,0.0,0.0,0.0,0.0,0.0,0.0,0.0,0.0,0.0,0.0,0.0,0.0,Benign
0.0,0.0,0.0,0.0,0.0,0.0,0.0,0.0,0.0,0.0,0.0,0.0,0.0,0.0,0.0,40.0,0.0,40.0,0.0,0.0,0.0,0.0,1.0,0.0,40.0,0.0,0.0,0.0,0.0,0.0,0.0,0.0,0.0,0.0,0.0,0.0,0.0,Benign
5.3e-05,18893.261261,18893.261261,37786.522523,1.0,0.0,1.0,1.0,0.0,0.0,1.0,0.0,0.0,0.0,0.0,0.0,0.0,0.0,0.0,0.0,52.928925,0.0,1.0,1.0,0.0,0.0,0.0,0.0,0.0,0.0,0.0,0.0,52.928925,0.0,29200.0,0.0,29200.0,Benign
0.000103,9709.037037,9709.037037,15280.8717914,0.8,0.0,1.0,1.0,0.0,0.0,1.0,0.0,0.0,0.0,0.0,24.8,0.0,24.8,0.0,0.0,103.80744899999999,0.0,1.0,1.0,0.0,0.0,0.0,0.0,0.0,0.0,0.0,0.0,102.996826,0.0,29200.0,0.0,29200.0,Background
0.026808,74.60453,74.60453,149.209061,1.0,0.0,0.0,0.0,0.0,0.0,0.0,0.0,0.0,0.0,0.0,43.0,171.0,107.0,19.4072722,1594.9249267999999,8936.007818,15965.3695,2.0,2.0,86.0,342.0,0.0,0.0,0.0,0.0,0.0,0.0,26808.023453,0.0,0.0,0.0,0.0,Background
0.0,0.0,0.0,0.0,0.0,0.0,0.0,0.0,0.0,0.0,0.0,0.0,0.0,0.0,0.0,40.0,0.0,40.0,0.0,0.0,0.0,0.0,1.0,0.0,40.0,0.0,0.0,0.0,0.0,0.0,0.0,0.0,0.0,0.0,0.0,0.0,0.0,Benign
0.0,0.0,0.0,0.0,0.0,0.0,1.0,0.4,0.0,0.0,0.4,0.0,0.0,0.0,0.0,32.8,0.0,0.0,0.0,0.0,0.0,0.0,1.0,0.0,40.8,0.0,0.0,0.0,0.0,0.0,0.0,0.0,0.0,0.0,28800.0,0.0,28800.0,Benign
0.000157,6374.322188,6374.322188,12748.644377,0.6,0.0,0.0,0.0,0.0,0.0,0.0,0.0,0.0,0.0,0.0,71.4,54.0,52.5,0.0,0.0,52233.0760956,669303.829787,1.0,0.8,81.0,54.0,0.0,0.0,0.0,0.0,0.0,0.0,45457.17239380001,0.0,0.0,0.0,0.0,Background
5.4451492,33.679011,34.380657,68.059667,1.020833,2.0,1.2,0.4,15.0,129.8,94.0,0.0,0.0,0.0,0.0,38.8629776,1069.959184,559.185567,30324.149639,29069.791238,14846.198261,38057.983692,48.0,49.0,1813.0,52428.0,0.0,175977.56,0.0,9.0,0.0,481511.628054,1425235.033035,0.0,29200.0,65160.0,0.0,Bruteforce
0.0,0.0,0.0,0.0,0.0,0.0,0.0,0.0,0.0,0.0,0.0,0.0,0.0,0.0,0.0,40.0,0.0,40.0,0.0,0.0,0.0,0.0,1.0,0.0,40.0,0.0,0.0,0.0,0.0,0.0,0.0,0.0,0.0,0.0,0.0,0.0,0.0,Background
0.023866,83.801441,83.801441,162.9083208,1.0,0.0,0.0,0.0,0.0,0.0,0.0,0.0,0.0,0.0,0.0,37.0,108.2,71.25,49.829483,50.067902,7955.312729,11941.705278,2.0,2.0,70.0,215.0,0.0,0.0,0.0,0.0,0.0,0.0,23865.938187,0.0,0.0,0.0,0.0,Background
0.260381,49.4938038,46.086315,80.651051,1.333333,1.2,2.0,1.0,3.0,7.0,20.8,0.0,0.0,0.0,0.0,93.333333,690.083333,419.090683,32547.622919,18075.4927026,13019.049168,35029.439871,9.0,12.0,840.0,8281.0,0.0,3668.0,0.0,5.0,0.0,50840226.0324414,260380.983353,0.0,29200.0,65160.0,402.0,Benign
0.025318800000000002,77.700389,77.20430719999999,164.197579,1.0,0.0,0.0,0.0,0.0,0.0,0.0,0.0,0.0,0.0,0.0,55.0,151.3,92.0,24.080276,1404.9530028,8120.298386,15106.177241,2.0,2.0,91.2,258.0,0.0,0.0,0.0,0.0,0.0,0.0,24360.895157,0.0,0.0,0.0,0.0,Benign
0.281242,36.25013,42.66786,74.668755,1.333333,1.0,2.0,1.0,3.0,7.0,20.0,0.0,0.0,0.0,0.0,92.888889,601.0566666,434.142857,35155.266523,20148.6356888,14062.106609,32416.906845,10.2,12.0,836.0,8281.0,0.0,4585.0,0.0,5.0,0.0,4602892.254667,281242.132187,0.0,29200.0,65160.0,402.0,Benign
4.306384,3.250987,1.857707,63.51869060000001,0.571429,2.0,2.0,2.0,4.0,0.0,5.8,0.0,0.0,0.0,0.0,73.5,310.4110204,230.272727,331262.7719,3058.0467648000003,55228.3128102,15927.9986998,7.0,4.0,514.5,2018.5,0.0,0.0,0.0,0.0,0.0,0.0,4306416.034698,0.0,409.6,26847.0,0.0,Background
0.277496,36.036543,46.847505,82.884048,1.3,1.0,2.0,1.0,3.0,7.0,22.0,0.0,0.0,0.0,0.0,87.98,637.0,396.73913,30832.899941,20541.330179,12613.459067,32883.34509,10.0,12.6,844.0,8281.0,0.0,4585.0,0.0,5.0,0.0,61504200.01568039,277496.099472,0.0,29200.0,65160.0,402.0,Benign
0.35913420000000007,88.928315,44.464158,133.392473,0.9428572,0.0,0.8,1.0,0.4,0.0,2.2,0.0,0.0,0.0,0.0,0.0,192.9,0.0,56611.6253536,0.0,40558.248577599996,6524.0190410000005,2.0,1.0,0.0,0.0,0.0,0.0,0.0,0.0,0.0,0.0,22490.024567,0.0,29200.0,65535.0,0.0,Benign
5.5277154,0.974764,0.886149,1.860912,0.909091,1.2,1.2,2.0,6.0,5.0,115.2,0.0,0.0,0.0,0.0,178.090909,627.8,392.238095,1128478.717804,1253832.552168,576062.297821,14822.778430200002,3.666667,3.333333,653.0,2092.666667,0.0,0.0,0.0,0.0,0.0,0.0,11521245.956421,0.0,29200.0,14600.0,51.0,Background
0.0,0.0,0.0,0.0,0.0,0.0,0.0,0.0,0.0,0.0,0.0,0.0,0.0,0.0,0.0,40.0,0.0,40.0,0.0,0.0,0.0,0.0,1.0,0.0,40.0,0.0,0.0,0.0,0.0,0.0,0.0,0.0,0.0,0.0,0.0,0.0,0.0,Benign
0.0,0.0,0.0,0.0,0.0,0.0,1.0,0.0,0.0,0.0,0.0,0.0,0.0,0.0,0.0,30.2,0.0,0.0,0.0,0.0,0.0,0.0,1.0,0.0,31.8,0.0,0.0,0.0,0.0,0.0,0.0,0.0,0.0,0.0,24572.8,0.0,24572.8,Background
0.027124,73.735633,73.735633,147.471266,1.0,0.0,0.0,0.0,0.0,0.0,0.0,0.0,0.0,0.0,0.0,36.8,98.0,65.0,13.828278,2191.066742,9041.309357,9585.632263,2.0,2.0,64.0,178.6,0.0,0.0,0.0,0.0,0.0,0.0,26684.951782199998,0.0,0.0,0.0,0.0,Benign
0.272993,36.630964,47.620253,84.251217,1.3199998000000002,1.0,2.0,1.0,3.0,7.0,21.2,0.0,0.0,0.0,0.0,83.5,638.5166666,411.5979294,31714.1115666,20250.59859,12408.776717,33756.6395426,9.4,13.0,835.0,8281.0,0.0,4585.0,0.0,5.0,0.0,60178509.24396781,272993.087769,0.0,29200.0,65160.0,402.0,Benign
171.532532,0.215703,53.94505780000001,0.431405,1.0,1.2,2.0,0.0,3.8,18.0,73.0,0.0,0.0,0.0,0.0,22.405405,1268.864865,645.635135,4764793.773492,12584.0470118,10154.1211954,30560.9425214,11.6,18.5,414.5,23474.0,0.0,1834.0,0.0,23.0,0.0,858654.946738,318984.508514,0.0,17520.0,65535.0,112.0,Background
0.0001026,10407.702233,10407.702233,15794.134155400001,1.0,0.0,1.0,1.0,0.0,0.0,1.0,0.0,0.0,0.0,0.0,0.0,0.0,24.8,0.0,0.0,96.082687,0.0,1.0,1.0,0.0,0.0,0.0,0.0,0.0,0.0,0.0,0.0,96.082687,0.0,29200.0,0.0,29200.0,Benign
0.0,0.0,0.0,0.0,0.0,0.0,0.0,0.0,0.0,0.0,0.0,0.0,0.0,0.0,0.0,40.0,0.0,40.0,0.0,0.0,0.0,0.0,1.0,0.0,40.0,0.0,0.0,0.0,0.0,0.0,0.0,0.0,0.0,0.0,0.0,0.0,0.0,Benign
1.2427,332.340908,326.708011,659.048919,0.983051,2.0,2.0,0.0,2.8,206.0,818.0,0.0,0.0,0.0,0.0,6.990315,4575.62069,2271.781441,405.0361764,2036.8099212000002,47459.6480858,1497215.102056,413.0,406.0,2887.0,1857702.0,0.0,460200.25,0.0,98.0,0.0,0.0,10426.7597198,0.0,17520.0,65535.0,1777.0,Benign
0.2725518,41.6701898,47.493454,84.5054536,1.3133332,1.0,2.0,1.0,3.0,7.0,20.8,0.0,0.0,0.0,0.0,84.7,637.0,396.869565,30413.548152,20255.585512,12441.906062,33347.711262,10.2,13.0,847.0,8281.0,0.0,4585.0,0.0,5.0,0.0,99641885.181347,273721.933365,0.0,29200.0,65160.0,402.0,Benign
0.0,0.0,0.0,0.0,0.0,0.0,0.0,0.0,0.0,0.0,0.0,0.0,0.0,0.0,0.0,140.0,0.0,140.0,0.0,0.0,0.0,0.0,1.0,0.0,140.0,0.0,0.0,0.0,0.0,0.0,0.0,0.0,0.0,0.0,0.0,0.0,0.0,Benign
0.0,0.0,0.0,0.0,0.0,0.0,0.4,0.0,0.0,0.0,0.0,0.0,0.0,0.0,0.0,0.0,0.0,0.0,0.0,0.0,0.0,0.0,1.2,0.0,0.0,0.0,0.0,0.0,0.0,0.0,0.0,0.0,0.0,0.0,64240.0,0.0,64240.0,Background
0.026149,78.151877,76.48466,152.969319,1.0,0.0,0.0,0.0,0.0,0.0,0.0,0.0,0.0,0.0,0.0,53.0,198.3,145.0,13.828278,1893.9495087999999,8716.344833,22180.551255,2.0,2.0,106.0,474.0,0.0,0.0,0.0,0.0,0.0,0.0,26149.0345,0.0,0.0,0.0,0.0,Benign
0.02669,74.934415,74.934415,149.86883,1.0,0.0,0.0,0.0,0.0,0.0,0.0,0.0,0.0,0.0,0.0,45.0,139.3,80.5,30.994415,3831.863403,8896.668752,12064.440784,2.0,2.0,90.0,232.0,0.0,0.0,0.0,0.0,0.0,0.0,26690.006256,0.0,0.0,0.0,0.0,Background
0.2628332,57.134155,48.784008199999995,111.09419,1.3133332,1.0,2.0,0.0,8.0,8.0,34.0,0.0,0.0,0.0,0.0,66.222222,904.0,473.142857,18533.412148,18302.991986,12031.2055984,52563.422352,18.0,17.0,824.8,15368.0,0.0,11473.0,0.0,5.0,0.0,10835678.854312,315068.006516,0.0,29200.0,65535.0,119.0,Benign
0.4206246,48.885915,47.805563,96.691478,0.977901,2.0,1.4,0.6,7.0,9.0,354.0,0.0,0.0,0.0,0.0,11.171271,2514.485876,1248.843575,20574.850506,20879.404111,10373.874205,120752.531111,181.0,177.0,2022.0,36073.8,0.0,164497.36000000002,0.0,82.5,0.0,175402.090922,333175.3730776,0.0,29200.0,28960.0,6100.8,Bruteforce
0.024948,25.1831278,40.08318,80.166361,1.0,0.0,0.0,0.0,0.0,0.0,0.0,0.0,0.0,0.0,0.0,38.4,98.0,65.5,0.0,0.0,55390.739441,5250.896636,1.0,1.0,36.0,77.8,0.0,0.0,0.0,0.0,0.0,0.0,55390.739441,0.0,0.0,0.0,0.0,Benign
0.024809,40.308142,47.331709599999996,80.616284,1.0,0.0,0.0,0.0,0.0,0.0,0.0,0.0,0.0,0.0,0.0,36.0,95.0,65.5,0.0,0.0,24808.883667,4925.3731396,1.0,1.0,36.0,96.8,0.0,0.0,0.0,0.0,0.0,0.0,24808.883667,0.0,0.0,0.0,0.0,Benign
0.233351,4.28539,4.28539,8.57078,1.0,0.4,0.0,1.0,0.0,1.4,2.0,0.0,0.0,0.0,0.0,0.0,0.0,0.0,0.0,27583.7690542,233350.992203,0.0,5.2,1.0,0.0,0.0,0.0,0.0,0.0,0.0,0.0,0.0,233350.992203,0.0,5852.0,0.0,223.0,Benign
5.067947,0.789274,0.591956,1.38123,0.75,0.0,1.6,0.0,0.0,0.0,115.0,0.0,0.0,0.0,0.0,33.0,63.333333,46.0,1678345.998128,2519366.025925,844657.858213,63.536574,2.0,1.5,66.0,95.0,0.0,0.0,0.0,0.0,0.0,146269.1101466,5067947.149277,0.0,0.0,0.0,0.0,Background
0.299673,20.021818,47.065702200000004,33.369697,0.8222222,2.0,2.0,0.0,1.0,0.8,9.0,0.0,0.0,0.0,0.0,23.166667,145.0,71.9,59939.193726,92660.347621,6725.3748576,2399.28124,6.0,4.0,139.0,580.0,0.0,0.0,0.0,0.0,0.0,0.0,299695.968628,0.0,5840.0,1428.0,60.0,Background
0.000117,0.0,8542.370672,17084.741344,0.4,0.0,0.0,0.0,0.0,0.0,0.0,0.0,0.0,0.0,0.0,51.0,10.4,52.5,0.0,0.0,117.063522,896948.92057,1.0,1.0,51.0,54.0,0.0,0.0,0.0,0.0,0.0,0.0,117.063522,0.0,0.0,0.0,204.8,Background
